regionidzip,latitude,longitude,address
0.095982,33.986747,-118.249544,"East 59th Street, Florence, LA, Los Angeles County, California, 90001, United States of America"
0.095983,33.959485,-118.260716,"McKinley Avenue, Florence, LA, Los Angeles County, California, 90003, United States of America"
0.095984,33.97672,-118.268917,"East 69th Street, Florence, LA, Los Angeles County, California, 90003, United States of America"
0.095985,34.077572,-118.286239,"Los Angeles Fire Department Fire Station 6, 326, Oakwood Avenue, Angelino Heights, LA, Los Angeles County, California, 90004-3624, United States of America"
0.095986,34.060448,-118.330973,"South Mullen Avenue, Hancock Park, Cienega, LA, Los Angeles County, California, 90028, United States of America"
0.095987,34.040347,-118.284504,"West Washington Boulevard, Saint James Park, LA, Los Angeles County, California, 90015, United States of America"
0.095988,34.022485,-118.296811,"West 36th Street, Jefferson Park, Cienega, LA, Los Angeles County, California, 90018, United States of America"
0.095989,34.00219,-118.341249,"Mount Vernon Drive, View Park, View Park–Windsor Hills, Los Angeles County, California, 90043, United States of America"
0.095991,34.0615,-118.326,"Fremont Place, Hancock Park, Cienega, LA, Los Angeles County, California, 90028, United States of America"
0.095992,33.992162,-118.271355,"East 55th Street, Florence, LA, Los Angeles County, California, 90011, United States of America"
0.095993,34.067385,-118.242805,"Stadium Way, New Chinatown, Angelino Heights, LA, Los Angeles County, California, 90012, United States of America"
0.095994,34.0444,-118.245,"Gateway Apartments, San Julian Street, Skid Row, Little Tokyo Historic District, LA, Los Angeles County, California, 90015, United States of America"
0.095995,34.0455,-118.252,"Downtown Palace Theatre, 630, South Broadway, Historic Core District, Bunker Hill, LA, Los Angeles County, California, 90013, United States of America"
0.095996,34.046011,-118.261452,"Watermarke Tower, 705, West 9th Street, South Park, Bunker Hill, LA, Los Angeles County, California, 90015, United States of America"
0.095997,34.0188,-118.374,"Bowcroft Street, Cameo Woods, The Village Green, LA, Los Angeles County, California, 90016, United States of America"
0.095998,34.0531,-118.266,"Wilshire & Witmer, 1234, Wilshire Boulevard, Financial District, Bunker Hill, LA, Los Angeles County, California, 90007, United States of America"
0.095999,34.018833,-118.331307,"Edgehill Drive, Jefferson Park, Leimert Park, LA, Los Angeles County, California, 90008, United States of America"
0.096,34.0485,-118.351405,"South Cloverdale Avenue, Park La Brea, The Village Green, LA, Los Angeles County, California, 90019, United States of America"
0.096001,34.066976,-118.315625,"West 4th Street, Windsor Square, Little Armenia, LA, Los Angeles County, California, 90048, United States of America"
0.096002,34.028102,-118.253915,"East 17th Street, Nevin, Jefferson, LA, Los Angeles County, California, 90021, United States of America"
0.096003,34.014159,-118.146081,"Allston Street, Montebello, Los Angeles County, California, 90640, United States of America"
0.096004,34.024226,-118.188022,"South Townsend Avenue, East Los Angeles, Wellington Heights, Los Angeles County, California, 90023, United States of America"
0.096005,34.0597,-118.439,"Century Wilshire, Wilshire Boulevard, Westwood Village, Westwood, LA, Los Angeles County, California, 90025, United States of America"
0.096006,34.036272,-118.46284,"South Carmelina Avenue, Sawtelle, Brentwood, LA, Los Angeles County, California, CA 90404, United States of America"
0.096007,34.071672,-118.250933,"Sunset Boulevard, Echo Park, Angelino Heights, LA, Los Angeles County, California, 90012, United States of America"
0.096008,34.102958,-118.286134,"Kingswell Avenue, Los Feliz, Little Armenia, LA, Los Angeles County, California, 90028, United States of America"
0.096009,34.099979,-118.341961,"Hawthorn Hotel, North Orange Drive, Whitley Heights Historic District, LA, Los Angeles County, California, 90028, United States of America"
0.09601,34.090889,-118.280793,"Sanborn Avenue, Silver Lake, Atwater, LA, Los Angeles County, California, 90012, United States of America"
0.096012,34.078681,-118.213803,"Avenue 28, Rose Hill, Highland Park, LA, Los Angeles County, California, 90031, United States of America"
0.096013,34.090024,-118.162665,"Stockbridge Avenue, Alhambra, Los Angeles County, California, 91030, United States of America"
0.096014,34.047282,-118.214933,"135B, Golden State Freeway, Brooklyn Heights, Boyle Heights, LA, Los Angeles County, California, 90013, United States of America"
0.096015,34.027935,-118.421885,"Veteran Avenue, Palms, LA, Los Angeles County, California, 90034, United States of America"
0.096016,34.047848,-118.384136,"South Wooster Street, South Carthay, The Village Green, LA, Los Angeles County, California, 90035, United States of America"
0.096017,34.059275,-118.34386,"South Sycamore Avenue, Hancock Park, The Village Green, LA, Los Angeles County, California, 90048, United States of America"
0.096018,33.990297,-118.275168,"West 57th Street, Wildasin, Florence, LA, Los Angeles County, California, 90037, United States of America"
0.096019,34.085689,-118.339035,"Waring Avenue, Wilton Historic District, Hollywood, LA, Los Angeles County, California, 90046, United States of America"
0.09602,34.104348,-118.254681,"Adelbert Avenue, Silver Lake Heights, Atwater, LA, Los Angeles County, California, 90012, United States of America"
0.096021,34.013502,-118.170635,"South Mc Bride Avenue, Bandini, Commerce, Los Angeles County, California, 90040, United States of America"
0.096022,34.124896,-118.223183,"York Boulevard, Eagle Rock, Highland Park, LA, Los Angeles County, California, 91204, United States of America"
0.096023,34.110288,-118.191254,"Radio Shack, N Figueroa Street, Highland Park, LA, Los Angeles County, California, 90031, United States of America"
0.096024,33.98691,-118.329553,"West 59th Street, LA, Los Angeles County, California, 90043, United States of America"
0.096025,33.972924,-118.288809,"West 74th Street, Wildasin, Florence, LA, Los Angeles County, California, 90044, United States of America"
0.096026,33.961232,-118.385376,"Airport Boulevard, Westchester, Playa Vista, LA, Los Angeles County, California, 90045, United States of America"
0.096027,34.088168,-118.3557,"North Curson Avenue, West Hollywood, Los Angeles County, California, 90046, United States of America"
0.096028,33.955375,-118.307766,"South Hobart Boulevard, LA, Los Angeles County, California, 90047, United States of America"
0.096029,34.0726,-118.38,"Burton Way, Carthay Circle, LA, Los Angeles County, California, 90048, United States of America"
0.09603,34.061789,-118.490569,"Ashford Street, Brentwood Park, Riviera, LA, Los Angeles County, California, 90049-4013, United States of America"
0.096034,34.049,-118.528,"Sunset Boulevard, Pacific Palisades, LA, Los Angeles County, California, 90272-3719, United States of America"
0.096037,33.985001,-118.367713,"South Kings Road, LA, Los Angeles County, California, 90304, United States of America"
0.096038,34.053742,-118.277178,"Hollywood College School of Chiropractic, James M Wood Boulevard, Financial District, Saint James Park, LA, Los Angeles County, California, 90006, United States of America"
0.096039,33.991111,-118.241762,"East 57th Street, Florence, LA, Los Angeles County, California, 90003, United States of America"
0.09604,33.930195,-118.229419,"East 115th Street, Watts, LA, Los Angeles County, California, 90059, United States of America"
0.096042,33.938538,-118.26831,"East 108th Street, Jefferson, LA, Los Angeles County, California, 90037, United States of America"
0.096043,33.997099,-118.30838,"West 51st Street, Wildasin, Leimert Park, LA, Los Angeles County, California, 90062, United States of America"
0.096044,34.048938,-118.192806,"Metro 71, City Terrace Drive, Boyle Heights, LA, Los Angeles County, California, 90031, United States of America"
0.096045,34.043579,-118.420247,"Los Angeles Fire Department Fire Station 92, 10556, West Pico Boulevard, Century City, Palms, LA, Los Angeles County, California, 90064-2320, United States of America"
0.096046,34.117105,-118.242371,"Moss Avenue, Atwater, LA, Los Angeles County, California, 91204, United States of America"
0.096047,33.9962,-118.438,"Moore Street, Culver City, Los Angeles County, California, 90232, United States of America"
0.096048,34.054504,-118.415369,"Century Woods Way, Century City, Westwood, LA, Los Angeles County, California, 90067, United States of America"
0.096049,34.131929,-118.351474,"Cahuenga Boulevard West, Universal City, Hollywood Hills, LA, Los Angeles County, California, 90028, United States of America"
0.09605,34.090892,-118.385831,"Whisky a Go Go, 8901, North Clark Street, Sunset Strip, West Hollywood, Los Angeles County, California, 90069, United States of America"
0.096058,34.132839,-118.45101,"Beverly Glen Terrace, Sherman Oaks, LA, Los Angeles County, California, 90210-1054, United States of America"
0.096069,34.022987,-118.283392,"Faculty Center, West 34th Street, Saint James Park, LA, Los Angeles County, California, 90007, United States of America"
0.096072,33.9741,-118.423,"Playa Vista Medical Center, West Runway Road, Del Rey, Playa Vista, LA, Los Angeles County, California, 90045, United States of America"
0.096083,33.975454,-118.16447,"Indian Revival Church, East Gage Avenue, Bell Gardens, Los Angeles County, California, 90040, United States of America"
0.096086,34.127369,-118.40066,"Summit Circle, Valley Village, LA, Los Angeles County, California, 90046, United States of America"
0.096087,34.063033,-118.388038,"South Almont Drive, Beverly Hills, Los Angeles County, California, 90211, United States of America"
0.096088,34.062395,-118.408301,"Gregory Way, Beverly Hills, Los Angeles County, California, 90212, United States of America"
0.09609,33.867865,-118.221492,"West Apra Street, Compton, Los Angeles County, California, 90220, United States of America"
0.096091,33.887682,-118.190625,"Long Beach Freeway, Compton, Los Angeles County, California, 90262, United States of America"
0.096092,33.904718,-118.247072,"South Tajauta Avenue, Compton, Los Angeles County, California, 90222, United States of America"
0.096095,33.989359,-118.394633,"Sprouts Farmers Market, 5660, Sepulveda Boulevard, Fox Hills, Culver City, Los Angeles County, California, 90230, United States of America"
0.096097,34.016768,-118.408671,"Panda Express, Midway Avenue, Culver City, Los Angeles County, California, 90232, United States of America"
0.0961,33.962862,-118.134566,"Ciro Street, Downey, Los Angeles County, California, 90240, United States of America"
0.096101,33.950038,-118.147339,"Old River School Road, Downey, Los Angeles County, California, 90240, United States of America"
0.096102,33.9323,-118.162,"Ryerson Avenue, Downey, Los Angeles County, California, 90242, United States of America"
0.096103,33.924818,-118.422525,"West Palm Avenue, El Segundo, Los Angeles County, California, 90245, United States of America"
0.096104,33.88566,-118.290186,"Ainsworth Street, South Los Angeles, LA, Los Angeles County, California, 90247, United States of America"
0.096105,33.864,-118.31,"99 Cents Only, South Western Avenue, La Fresa, Torrance, Los Angeles County, California, 90504, United States of America"
0.096106,33.908939,-118.323973,"Ardath Avenue, Gardena, Los Angeles County, California, 90249, United States of America"
0.096107,33.901592,-118.353199,"Chevron, W Rosecrans Avenue, Hawthorne, Los Angeles County, California, 90504, United States of America"
0.096109,33.863688,-118.385946,"10th Street, Redondo Beach, Los Angeles County, California, 90254, United States of America"
0.09611,33.980399,-118.20613,"Bissell Street, Huntington Park, Los Angeles County, California, 90201, United States of America"
0.096111,33.894332,-118.337211,"Kornblum Avenue, La Fresa, Alondra Park, Los Angeles County, California, 90260, United States of America"
0.096113,33.919776,-118.212195,"Agnes Street, Lynwood, Los Angeles County, California, 90262, United States of America"
0.096114,34.038384,-118.707766,"George Elkins Auditorium, Campus Walk, Malibu Beach, Los Angeles County, California, 90265-4797, United States of America"
0.096116,34.01977,-118.789549,"Paradise Cove Road, Paradise Cove Mobile Home Park, Los Angeles County, California, 90265, United States of America"
0.096117,33.90503,-118.41909,"North Crest Drive, El Segundo, Los Angeles County, California, 90266, United States of America"
0.096119,33.99256,-118.196637,"East 55th Street, Walker, Maywood, Los Angeles County, California, 90270, United States of America"
0.09612,34.049881,-118.50377,"Napoli Drive, Brentwood Park, Riviera, LA, Los Angeles County, California, CA 90272, United States of America"
0.096121,33.799682,-118.388346,"Via Campesina, Palos Verdes Estates, Los Angeles County, California, 90274, United States of America"
0.096122,33.793076,-118.374736,"Via Campesina, Rancho Palos Verdes, Los Angeles County, California, 90274, United States of America"
0.096123,33.835697,-118.384037,"South Francisca Avenue, Redondo Beach, Los Angeles County, California, 90277, United States of America"
0.096124,33.879216,-118.361434,"Inglewood Avenue, Redondo Beach, Los Angeles County, California, 90260, United States of America"
0.096125,33.954475,-118.183468,"Atlantic Avenue, South Gate, Los Angeles County, California, 90201, United States of America"
0.096126,34.11671,-118.629076,"Topanga Skyline Drive, Topanga Park, Los Angeles County, California, 91302, United States of America"
0.096127,33.986458,-118.460783,"Olive Avenue, Venice, Los Angeles County, California, 90292, United States of America"
0.096128,33.9886,-118.435,"Alla Road, Culver City, Los Angeles County, California, 90045, United States of America"
0.096129,33.960738,-118.444111,"Zitola Terrace, Playa del Rey, LA, Los Angeles County, California, 90293, United States of America"
0.096133,33.959896,-118.350438,"Hillcrest Medical Center, East Hillcrest Boulevard, Inglewood, Los Angeles County, California, 90301, United States of America"
0.096134,33.978578,-118.366625,"West Beach Avenue, Inglewood, Los Angeles County, California, 90304, United States of America"
0.096135,33.932816,-118.318861,"South Spinning Avenue, Inglewood, Los Angeles County, California, 90037, United States of America"
0.096136,33.9315,-118.352104,"McDonald's, Imperial Highway, Hawthorne, Los Angeles County, California, 90045, United States of America"
0.096137,33.960238,-118.319986,"Brownfield Medical Building, South 3rd Avenue, Inglewood, Los Angeles County, California, 90305, United States of America"
0.096148,34.021478,-118.495171,"Downtown LA Bicycles, 700, Wilshire Boulevard, Santa Monica, Los Angeles County, California, 90401, United States of America"
0.096149,34.047254,-118.490143,"Brentwood Country Mart, 26th Street, Santa Monica, Los Angeles County, California, CA 90272, United States of America"
0.09615,34.040001,-118.47338,"Berkeley Street, Santa Monica, Los Angeles County, California, CA 90404, United States of America"
0.096151,34.0395,-118.471,"Franklin Street, Santa Monica, Los Angeles County, California, CA 90404, United States of America"
0.096152,34.012977,-118.479243,"Bay Street, Santa Monica, Los Angeles County, California, CA 90405, United States of America"
0.096159,33.824365,-118.303282,"223rd Street, Ironsides, LA, Los Angeles County, California, 90745, United States of America"
0.09616,33.828543,-118.288255,"West 220th Street, Dolanco Junction, LA, Los Angeles County, California, 90502, United States of America"
0.096161,33.837,-118.347,"Torrance Boulevard, La Fresa, Torrance, Los Angeles County, California, 90277, United States of America"
0.096162,33.883966,-118.314172,"West 162nd Street, Gardena, Los Angeles County, California, 90504, United States of America"
0.096163,33.803768,-118.349826,"Park Street, Torrance, Los Angeles County, California, 90505, United States of America"
0.096169,33.98051,-118.049973,"Whittier Boulevard, Whittier, Los Angeles County, California, 90603, United States of America"
0.09617,33.975583,-118.041513,"Saint Marys Roman Catholic Church, Penn Street, East Whittier, Whittier, Los Angeles County, California, 90603, United States of America"
0.096171,33.948792,-118.020986,"Flomar Drive, East Whittier, Whittier, Los Angeles County, California, 90603, United States of America"
0.096172,33.92524,-118.03122,"Starlight Avenue, South Whittier, Carmenita, Los Angeles County, California, 90604, United States of America"
0.096173,33.928928,-118.053636,"Painter Avenue, Fulton Wells, Santa Fe Springs, Los Angeles County, California, 90604, United States of America"
0.096174,33.991235,-118.059768,"Orange Drive, Whittier, Los Angeles County, California, 90606, United States of America"
0.09618,33.83973,-118.027091,"San Clemente Way, Buena Park, Orange County, California, 90620, United States of America"
0.096181,33.877497,-118.002271,"Western Avenue, Buena Park, Orange County, California, 90638, United States of America"
0.096183,33.843038,-118.048718,"Bellhaven Street, La Palma, Orange County, California, 90623, United States of America"
0.096185,33.822561,-118.023844,"Juanita Street, Cypress, Orange County, California, 90630, United States of America"
0.096186,33.957512,-117.964283,"Subtropic Drive, La Habra Heights, Los Angeles County, California, 90631, United States of America"
0.09619,33.915599,-118.031358,"Lakeside Drive, La Mirada, Los Angeles County, California, 90604, United States of America"
0.096192,34.02135,-118.130571,"Hay Street, Montebello, Los Angeles County, California, 90640, United States of America"
0.096193,33.897134,-118.102953,"Leibacher Avenue, Norwalk, Los Angeles County, California, 90650, United States of America"
0.096197,34.015545,-118.085974,"Cope Drive, Pico Rivera, Los Angeles County, California, 90640, United States of America"
0.096201,33.953559,-118.083855,"Houghton Avenue, Fulton Wells, Santa Fe Springs, Los Angeles County, California, 90670, United States of America"
0.096203,33.7997,-117.99,"Pickens Lane, Stanton, Orange County, California, 90680, United States of America"
0.096204,33.856461,-118.083541,"Buford Street, Cerritos, Los Angeles County, California, 90650, United States of America"
0.096206,33.881947,-118.064573,"Shadydale Lane, Cerritos, Los Angeles County, California, 90703, United States of America"
0.096207,33.34161,-118.32392,"45, Upper Terrace Road, Avalon, Los Angeles County, California, 90704, United States of America"
0.096208,33.874476,-118.127752,"Hair Salon, Artesia Boulevard, Bellflower, Los Angeles County, California, 90701, United States of America"
0.09621,33.800045,-118.293567,"Lomita Boulevard, Ironsides, Harbor City, Harbor Pines, Los Angeles County, California, 90710, United States of America"
0.096212,33.840991,-118.145731,"Fairman Street, Lakewood, Los Angeles County, California, 90712, United States of America"
0.096213,33.855353,-118.104159,"Candor Street, Lakewood, Los Angeles County, California, 90713, United States of America"
0.096215,33.844338,-118.070111,"Belshire Avenue, Lakewood, Los Angeles County, California, 90715, United States of America"
0.096216,33.829801,-118.063545,"Melmour Lane, Hawaiian Gardens, Orange County, California, 90808, United States of America"
0.096217,33.795369,-118.31856,"Woodward Avenue, Lomita, Los Angeles County, California, 90717, United States of America"
0.096218,33.800071,-118.070627,"Farquhar Avenue, Los Alamitos, Orange County, California, 90720, United States of America"
0.09622,33.906779,-118.177023,"Orange Avenue, Paramount, Los Angeles County, California, 90723, United States of America"
0.096221,33.750912,-118.284822,"Viewland Place, San Pedro, LA, Los Angeles County, California, 90731, United States of America"
0.096222,33.724619,-118.326045,"Catalina Vista, San Pedro, LA, Los Angeles County, California, 90732-4418, United States of America"
0.096225,33.776647,-118.091655,"College Park Drive, Seal Beach, Orange County, California, 90740, United States of America"
0.096226,33.72358,-118.07658,"OCTA, Pacific Coast Highway, Sunset Beach, Orange County, California, 92648, United States of America"
0.096228,33.784618,-118.25082,"Sanford Avenue, Wilmington, LA, Los Angeles County, California, 90744, United States of America"
0.096229,33.831074,-118.244565,"Martin Street, Keystone, Carson, Los Angeles County, California, 90744, United States of America"
0.09623,33.869548,-118.262569,"Rainbury Avenue, Keystone, Carson, Los Angeles County, California, 90747, United States of America"
0.096234,33.801943,-118.157478,"Palm Drive Business Center;EPA, 2445, Palm Drive, Signal Hill, Los Angeles County, California, 90755, United States of America"
0.096236,33.773611,-118.193771,"First Methodist Church, Pacific Avenue, Willowville, Long Beach, Los Angeles County, California, 90802, United States of America"
0.096237,33.767215,-118.111307,"Golden Sands Drive, Marina Pacifica, Naples, Long Beach, Los Angeles County, California, 90803, United States of America"
0.096238,33.784778,-118.138242,"Roycroft Avenue, Los Altos, Long Beach, Los Angeles County, California, 90804, United States of America"
0.096239,33.874912,-118.168701,"Mobil, East Artesia Boulevard, North Long Beach, Long Beach, Los Angeles County, California, 90706, United States of America"
0.09624,33.809622,-118.199582,"West 29th Street, Willowville, Long Beach, Los Angeles County, California, 90806, United States of America"
0.096241,33.848433,-118.174227,"Matney Avenue, Bixby Knolls, Long Beach, Los Angeles County, California, 90807, United States of America"
0.096242,33.829087,-118.096717,"Parkcrest Street, Los Altos, Long Beach, Los Angeles County, California, 90808, United States of America"
0.096244,33.820454,-118.217277,"Dolphin Drive, Vista del Mar, Long Beach, Los Angeles County, California, 90810, United States of America"
0.096245,33.77927,-118.169007,"Gardenia Avenue, Willowville, Long Beach, Los Angeles County, California, 90806, United States of America"
0.096246,33.770827,-118.156513,"Orizaba Avenue, Belmont Shore, Long Beach, Los Angeles County, California, 90814, United States of America"
0.096247,33.800432,-118.142792,"Lakewood Boulevard, Los Altos, Long Beach, Los Angeles County, California, 90815, United States of America"
0.096265,34.202429,-118.123203,"Rubio Vista Drive, Altadena, Los Angeles County, California, 91001, United States of America"
0.096267,34.170702,-118.026376,"Elkins Place, Arcadia, Los Angeles County, California, 91006, United States of America"
0.096268,34.111765,-118.045669,"Holly Avenue, Arcadia, Los Angeles County, California, 91731, United States of America"
0.09627,34.12917,-117.98989,"Maxwell Elementary School, Euclid Avenue, Duarte, Los Angeles County, California, 91010, United States of America"
0.096271,34.216354,-118.22069,"Lone Pine Lane, La Cañada Flintridge, Los Angeles County, California, 91020, United States of America"
0.096273,34.14075,-117.984895,"Sequoia Circle, Monrovia, Los Angeles County, California, CA 91786, United States of America"
0.096275,34.2124,-118.239,"Hermosa Avenue, Sparr Heights, Montrose, Glendale, Los Angeles County, California, 91046, United States of America"
0.096278,34.168655,-118.052312,"North Baldwin Avenue, Sierra Madre, Los Angeles County, California, 91024, United States of America"
0.09628,34.104619,-118.170794,"La Manzanita Street, South Pasadena, Los Angeles County, California, 91030, United States of America"
0.096282,34.263186,-118.355828,"McBroom Street, Shadow Hills, LA, Los Angeles County, California, 91040-1737, United States of America"
0.096284,34.268309,-118.299101,"Le Berthon Street, Sunland, LA, Los Angeles County, California, 91042-2137, United States of America"
0.096289,34.144225,-118.132334,"Pasadena 10, South Lake Avenue, Madison Heights, Pasadena, Los Angeles County, California, 91030, United States of America"
0.096291,34.148283,-118.149156,"Armory Center for the Arts, Electric Drive, Madison Heights, Pasadena, Los Angeles County, California, 91103, United States of America"
0.096292,34.171205,-118.131784,"North Lake Avenue, Washington Square, Pasadena, Los Angeles County, California, 91104, United States of America"
0.096293,34.14233,-118.157533,"Saint John Avenue, Madison Heights, Pasadena, Los Angeles County, California, 91105, United States of America"
0.096294,34.126137,-118.141473,"Los Robles Avenue, Madison Heights, Pasadena, Los Angeles County, California, 91030, United States of America"
0.096295,34.1417,-118.099,"Santa Anita Avenue, Pasadena, Los Angeles County, California, 91776, United States of America"
0.096296,34.116477,-118.130147,"Oak Knoll Avenue, Oak Knoll, Pasadena, Los Angeles County, California, 91030, United States of America"
0.096313,34.139206,-118.159241,"Orange Grove Boulevard, Madison Heights, Pasadena, Los Angeles County, California, 91030, United States of America"
0.09632,34.183405,-118.279806,"Foothill Drive, Glendale, Los Angeles County, California, 91204, United States of America"
0.096321,34.162542,-118.264158,"Silver Hanger Cleaners, 454, Stocker Street, Glendale, Los Angeles County, California, 91202, United States of America"
0.096322,34.1577,-118.262,"Burchett Street, Glendale, Los Angeles County, California, 91204, United States of America"
0.096323,34.144435,-118.260661,"Columbus Avenue, Glendale, Los Angeles County, California, 91204, United States of America"
0.096324,34.137818,-118.239315,"S Chevy Chase Drive, Glendale, Los Angeles County, California, 91204, United States of America"
0.096325,34.172392,-118.198221,"Buckingham Road, Montrose, Glendale, Los Angeles County, California, 91208, United States of America"
0.096326,34.173097,-118.25529,"Rimcrest Drive, Montrose, Glendale, Los Angeles County, California, 91204, United States of America"
0.096327,34.206067,-118.234071,"Angelus Avenue, Sparr Heights, Montrose, Glendale, Los Angeles County, California, 91046, United States of America"
0.096329,34.143427,-118.254731,"Jamba Juice, S Brand Boulevard, Glendale, Los Angeles County, California, 91204, United States of America"
0.09633,34.245329,-118.256751,"Henrietta Avenue, Glendale, Los Angeles County, California, 91214, United States of America"
0.096336,34.156664,-118.753818,"Gleam Court, Agoura Hills, Los Angeles County, California, 91301, United States of America"
0.096337,34.144442,-118.654084,"Tedregal Court, Calabasas, Los Angeles County, California, 91302, United States of America"
0.096338,34.205282,-118.60739,"Runnymede Street, Canoga Park, LA, Los Angeles County, California, 91311, United States of America"
0.096339,34.228588,-118.592886,"Variel Avenue, Canoga Park, LA, Los Angeles County, California, 91311, United States of America"
0.096341,34.21424,-118.567127,"Hemmingway Street, Winnetka, LA, Los Angeles County, California, 91311, United States of America"
0.096342,34.211196,-118.69102,"Ranchero Road, Bell Canyon, Ventura County, California, United States of America"
0.096346,34.245616,-118.596393,"Superior Street, Chatsworth, LA, Los Angeles County, California, 91311, United States of America"
0.096349,34.186094,-118.523907,"Enfield Avenue, Reseda, LA, Los Angeles County, California, 91406-5441, United States of America"
0.096351,34.196427,-118.958804,"Vista Conejo, Thousand Oaks, Ventura County, California, 91320, United States of America"
0.096352,34.371722,-118.558041,"Hawkbryn Avenue, Newhall, Santa Clarita, Los Angeles County, California, 91381, United States of America"
0.096354,34.233366,-118.549198,"Vanalden Avenue, Porter Ranch, Los Angeles County, California, 91311, United States of America"
0.096355,34.220631,-118.521001,"Roscoe Boulevard, Northridge, LA, Los Angeles County, California, 91325-3301, United States of America"
0.096356,34.291173,-118.577875,"Androwe Lane, Chatsworth, LA, Los Angeles County, California, 91326-4109, United States of America"
0.096361,34.267763,-118.406278,"Glenoaks Boulevard, Pacoima, LA, Los Angeles County, California, 91331-2536, United States of America"
0.096364,34.189273,-118.545075,"Easy Street, Reseda, LA, Los Angeles County, California, 91335, United States of America"
0.096366,34.289776,-118.432085,"De Garmo Street, San Fernando, Los Angeles County, California, 91340, United States of America"
0.096368,34.3089,-118.461613,"Bledsoe Street, Sylmar, LA, Los Angeles County, California, 91342-4119, United States of America"
0.096369,34.249449,-118.456014,"Lassen Street, North Hills, Los Angeles County, California, 91343, United States of America"
0.09637,34.265214,-118.520217,"Deodar Cedar, White Oak Avenue, Granada Hills, Northridge, LA, Los Angeles County, California, CA 91344, United States of America"
0.096371,34.271503,-118.467494,"Sepulveda Boulevard, Mission Hills, Sylmar, LA, Los Angeles County, California, 91343, United States of America"
0.096373,34.416889,-118.505805,"Ashley Furniture Homestore, 26520, Golden Triangle Road, Honby, Canyon Country, Santa Clarita, Los Angeles County, California, 91350, United States of America"
0.096374,34.41358,-118.459677,"Santa Clara River Trail, Mint Canyon, Canyon Country, Santa Clarita, Los Angeles County, California, 91351-3521, United States of America"
0.096375,34.2144,-118.373,"Arminta Street, Sun Valley, North Hollywood, LA, Los Angeles County, California, 91352, United States of America"
0.096377,34.447747,-118.565056,"Copperstone Drive, Valencia, Santa Clarita, Los Angeles County, California, 91354, United States of America"
0.096378,34.389913,-118.565719,"Vista Fairways Drive, Valencia, Santa Clarita, Los Angeles County, California, 91381, United States of America"
0.096379,34.174112,-118.561783,"Martha Street, Tarzana, LA, Los Angeles County, California, 91356-3213, United States of America"
0.096383,34.230516,-118.874495,"Lucero Street, Thousand Oaks, Ventura County, California, 91360, United States of America"
0.096384,34.147257,-118.873132,"Abbotsbury Street, Greenwich Village, Ventura County, California, 911360, United States of America"
0.096385,34.167903,-118.834113,"East Thousand Oaks Boulevard, Thousand Oaks, Ventura County, California, 91361, United States of America"
0.096387,34.158658,-118.62574,"Bruges Avenue, Woodland Hills, LA, Los Angeles County, California, 91302, United States of America"
0.096389,34.1843,-118.657,"Victory Boulevard, West Hills, LA, Los Angeles County, California, 91302, United States of America"
0.096393,34.192915,-118.777662,"Gentilly Place, Oak Park, Ventura County, California, 91377, United States of America"
0.096395,34.391119,-118.582241,"Burns Place, Stevenson Ranch, Los Angeles County, California, 91381, United States of America"
0.096398,34.49154,-118.625952,"Cherry Drive, Castaic, Los Angeles County, California, 91384, United States of America"
0.096401,34.422842,-118.424483,"Sand Canyon Road, Mint Canyon, Sand Canyon, Santa Clarita, Los Angeles County, California, 91387, United States of America"
0.096403,34.485778,-118.464883,"Bouquet Canyon Road, Saugus, Santa Clarita, Los Angeles County, California, 91390, United States of America"
0.09641,34.18997,-118.442326,"Haynes Street, North Sherman Way, Van Nuys, LA, Los Angeles County, California, 91401-2649, United States of America"
0.096411,34.219118,-118.463609,"Burnet Avenue, North Hills, Los Angeles County, California, 91343, United States of America"
0.096412,34.1654,-118.465,"Nazareth House for Boys, Magnolia Boulevard, Sherman Oaks, LA, Los Angeles County, California, 91403-1530, United States of America"
0.096414,34.208749,-118.451998,"Tobias Avenue, North Sherman Way, Panorama City, LA, Los Angeles County, California, 91343, United States of America"
0.096415,34.209694,-118.498313,"Saticoy Street, Reseda, LA, Los Angeles County, California, 91406-1232, United States of America"
0.09642,34.189288,-118.458962,"Hamlin Street, North Sherman Way, Van Nuys, LA, Los Angeles County, California, 91411, United States of America"
0.096424,34.148863,-118.437206,"Costello Avenue, Sherman Oaks, LA, Los Angeles County, California, 91423, United States of America"
0.096426,34.159751,-118.495101,"Rubio Avenue, Encino, LA, Los Angeles County, California, 91316-3402, United States of America"
0.096433,34.1802,-118.301,"East Providencia Avenue, Burbank, Los Angeles County, California, 91501, United States of America"
0.096434,34.171345,-118.3149,"West Tujunga Avenue, Burbank, Los Angeles County, California, 91502, United States of America"
0.096436,34.21821,-118.331311,"Wedgewood Lane, Burbank, Los Angeles County, California, 91504, United States of America"
0.096437,34.208671,-118.349039,"Hollywood Way, North Hollywood, LA, Los Angeles County, California, 91504, United States of America"
0.096438,34.181892,-118.335918,"North Lincoln Street, Burbank, Los Angeles County, California, 91504, United States of America"
0.096446,34.171873,-118.380906,"First Assembly of God Church, Burbank Boulevard, North Hollywood, LA, Los Angeles County, California, 91601-3121, United States of America"
0.096447,34.156294,-118.375507,"Blix Street, La Paco, North Hollywood, LA, Los Angeles County, California, 91602-2121, United States of America"
0.096449,34.154223,-118.409176,"Sarah Street, Studio City, Valley Village, LA, Los Angeles County, California, CA 91607, United States of America"
0.09645,34.194168,-118.385816,"Vanowen Street, Hewitt, North Hollywood, LA, Los Angeles County, California, 91605-5738, United States of America"
0.096451,34.1906,-118.371,"Kittridge Street, Hewitt, North Hollywood, LA, Los Angeles County, California, 91606, United States of America"
0.096452,34.178694,-118.39236,"Radford Avenue, Garnsey, North Hollywood, LA, Los Angeles County, California, 91606, United States of America"
0.096453,34.143139,-118.335438,"Forest Lawn Drive, Hollywood Hills, LA, Los Angeles County, California, 90028, United States of America"
0.096464,34.113493,-117.912914,"Boulder Street, Azusa, Los Angeles County, California, 91702, United States of America"
0.096465,34.105016,-117.9427,"Azusa Canyon Road, Baldwin Park, Los Angeles County, California, 91706, United States of America"
0.096467,34.021308,-117.74795,"Chino Valley Freeway, Pomona, Los Angeles County, California, 91766, United States of America"
0.096469,34.111749,-117.742921,"Lealma Avenue, Claremont, Los Angeles County, California, 91711, United States of America"
0.096473,34.098516,-117.909131,"North Azusa Avenue, Covina, Los Angeles County, California, 91722, United States of America"
0.096474,34.088576,-117.872956,"North Grand Avenue, Covina, Los Angeles County, California, 91740, United States of America"
0.096475,34.105887,-117.841113,"Foothill Transit 492, East Arrow Highway, Charter Oak, Los Angeles County, California, 91740, United States of America"
0.096478,34.089943,-118.02572,"Ranchito Street, El Monte, Los Angeles County, California, 91732, United States of America"
0.096479,34.047198,-118.013567,"South Riverside, El Monte, Los Angeles County, California, 91731, United States of America"
0.09648,34.035689,-118.042899,"Durfee Avenue, South El Monte, Los Angeles County, California, 91731, United States of America"
0.096485,34.128204,-117.874545,"West Alosta Avenue, Glendora, Los Angeles County, California, 91740, United States of America"
0.096486,34.143092,-117.883804,"West Leadora Avenue, Glendora, Los Angeles County, California, 91741, United States of America"
0.096488,34.016009,-117.947459,"Abbey Street, La Puente, Los Angeles County, California, 91744, United States of America"
0.096489,34.031186,-118.003857,"Wildwood Way, Hacienda Heights, Avocado Heights, Los Angeles County, California, 91744, United States of America"
0.09649,34.044283,-117.990464,"Workman Mill Road, Industry, Los Angeles County, California, 91706, United States of America"
0.096492,33.991203,-117.892272,"Willow Street, Otterbein, Los Angeles County, California, 91748, United States of America"
0.096494,34.093087,-117.758576,"Sierra Way, Le Verne, Los Angeles County, California, 91750, United States of America"
0.096496,34.057079,-118.15715,"Alzado Street, Monterey Park, Los Angeles County, California, 91754, United States of America"
0.096497,34.0656,-118.119,"North Nicholson Avenue, Monterey Park, Los Angeles County, California, 91776, United States of America"
0.0965,34.2392,-117.661,"Bear Canyon Drive, Mount Baldy, Los Angeles County, California, 91784, United States of America"
0.096505,33.971033,-117.850666,"Brea Canyon Cut Off Road, Diamond Bar, Los Angeles County, California, 91789, United States of America"
0.096506,34.041235,-117.791327,"Rancho Laguna Drive, Pomona, Los Angeles County, California, 91766, United States of America"
0.096507,34.110741,-117.745979,"Briarcroft Road, Claremont, Los Angeles County, California, 91711, United States of America"
0.096508,34.046387,-117.815445,"Polyona Islander, Pomona Islander Mobile Home Park, Pomona, Los Angeles County, California, 91765, United States of America"
0.09651,34.061774,-118.075048,"Stingle Avenue, Rosemead, Los Angeles County, California, 91776, United States of America"
0.096513,34.10401,-117.832104,"Elm, San Dimas, Los Angeles County, California, 91773, United States of America"
0.096514,34.107315,-118.105442,"Milton Drive, San Gabriel, Los Angeles County, California, 91776, United States of America"
0.096515,34.096844,-118.107664,"San Gabriel Mission Elementary School, South Mission Drive, San Gabriel, Los Angeles County, California, 91776, United States of America"
0.096517,34.115784,-118.067442,"Oak Avenue, Temple City, Los Angeles County, California, 91770, United States of America"
0.096522,34.007975,-117.841778,"Washington Street, Diamond Bar, Los Angeles County, California, 91765, United States of America"
0.096523,34.087918,-117.933584,"Irwindale Avenue Frontage Road, Orange Avenue Junction, Los Angeles County, California, 91706, United States of America"
0.096524,34.067264,-117.870419,"Grand Avenue, West Covina, Los Angeles County, California, 91791, United States of America"
0.096525,34.012754,-117.868819,"South Flemington Drive, West Covina, Los Angeles County, California, 91792, United States of America"
0.096531,34.096065,-118.15253,"Mobil, Main Street, Alhambra, Los Angeles County, California, 91030, United States of America"
0.096533,34.086959,-118.152878,"7-Eleven, Commonwealth Avenue, Alhambra, Los Angeles County, California, 91030, United States of America"
0.096859,34.359245,-117.652935,"Cardinal Road, Los Angeles County, California, United States of America"
0.096939,33.737185,-117.751869,"Stetson, Orchard Hills, Irvine, Orange County, California, 92602, United States of America"
0.09694,33.633459,-117.819377,"Sierra Mia Road, Turtle Rock, Irvine, Orange County, California, 92617, United States of America"
0.096941,33.693663,-117.776048,"Comet Street, El Camino Real, Irvine, Orange County, California, 92604, United States of America"
0.096943,33.691186,-117.802785,"Santa Eulalia, Westpark, Irvine, Orange County, California, 92606, United States of America"
0.096946,33.686874,-117.668433,"40, Fairfield, Foothill Ranch, Lake Forest, Orange County, California, 92610, United States of America"
0.096947,33.659879,-117.808611,"Tamarack Way, Woodbridge, Irvine, Orange County, California, 92612, United States of America"
0.096948,33.673481,-117.823935,"Beaver Street, Woodbridge, Irvine, Orange County, California, 92614, United States of America"
0.096951,33.634949,-117.83234,"University Hills Space Park, Pauling Court, University Hills, Turtle Rock, Irvine, Orange County, California, 92617, United States of America"
0.096952,33.700729,-117.727933,"157, Speckled Alder, Residential Area, Irvine, Orange County, California, 92618, United States of America"
0.096953,33.729743,-117.630722,"Pleasant Avenue, Silverado, Orange County, California, 92676, United States of America"
0.096954,33.687181,-117.753231,"78, Gardenhouse Way, Cypress Village, Irvine, Orange County, California, 92620, United States of America"
0.096956,33.458346,-117.66639,"Calle Las Flores, Dana Point, Orange County, California, 92624, United States of America"
0.096957,33.605048,-117.879367,"Altura Drive, Corona del Mar, Newport Beach, Orange County, California, 92625, United States of America"
0.096958,33.690321,-117.927266,"Michigan Avenue, Costa Mesa, Orange County, California, 92626, United States of America"
0.096959,33.646579,-117.902609,"Camellia Lane, Costa Mesa, Orange County, California, 92627, United States of America"
0.096961,33.480095,-117.683016,"Via Lenita, San Juan Capistrano, Orange County, California, 92629, United States of America"
0.096962,33.670038,-117.687276,"Goldenrod, The Highlands at Baker Ranch, Foothill Ranch, Lake Forest, Orange County, California, 92618, United States of America"
0.096963,33.6168,-117.717,"Via Puerta, Laguna Woods, Orange County, California, 92691, United States of America"
0.096964,33.641123,-117.968513,"Islander Lane, Huntington Beach, Orange County, California, 92646, United States of America"
0.096965,33.720658,-117.978309,"Lucia Lane, Little Saigon, Westminster, Orange County, California, 92647, United States of America"
0.096966,33.674655,-118.001047,"Main Street, Huntington Beach, Orange County, California, 92648, United States of America"
0.096967,33.723568,-118.051714,"Huntington Harbor Mhp, Huntington Harbor Mobile Home Park, Huntington Beach, Orange County, California, 92649, United States of America"
0.096969,33.555282,-117.808999,"Shamrock Road, Laguna Beach, Orange County, California, 92651, United States of America"
0.096971,33.620265,-117.734529,"Ancona, Laguna Hills, Orange County, California, 92653, United States of America"
0.096973,33.746236,-117.984714,"Washington Avenue, Little Saigon, Midway City, Orange County, California, 92655, United States of America"
0.096974,33.603115,-117.721337,"Via San Pablo, Aliso Viejo, Orange County, California, 92656, United States of America"
0.096975,33.601303,-117.828881,"Seahaven, Corona del Mar, Newport Beach, Orange County, California, 92617, United States of America"
0.096978,33.621178,-117.879309,"Colony Plaza, Newport Center, Newport Beach, Orange County, California, 92661, United States of America"
0.096979,33.604844,-117.911645,"West Balboa Boulevard, Balboa Island, Newport Beach, Orange County, California, 92663, United States of America"
0.09698,33.607797,-117.89304,"Coral Avenue, Balboa Island, Newport Beach, Orange County, California, 92662, United States of America"
0.096981,33.629016,-117.951505,"Orange Street, Newport Beach, Orange County, California, 92663, United States of America"
0.096982,33.434117,-117.609973,"253, Avenida la Cuesta, San Clemente, Orange County, California, 92672, United States of America"
0.096983,33.460948,-117.652416,"Calle Casino, San Clemente, Orange County, California, 92673, United States of America"
0.096985,33.490209,-117.682327,"Via Inez Road, San Juan Capistrano, Orange County, California, 92675, United States of America"
0.096986,33.708355,-117.628966,"Modjeska Canyon Road, Foothill Ranch, Modjeska, Orange County, California, 92679, United States of America"
0.096987,33.559707,-117.703756,"Motherlode Court, Village Niguel Heights, Laguna Niguel, Orange County, California, 92677, United States of America"
0.096988,33.661775,-117.588518,"Mountain View Road, Robinson Ranch, Trabuco Canyon, Orange County, California, 92679, United States of America"
0.096989,33.68303,-117.627491,"28846, Oakview Lane, Foothill Ranch, Lake Forest, Orange County, California, 92679, United States of America"
0.09699,33.748083,-117.948108,"Mast Avenue, Garden Grove, Orange County, California, 92683, United States of America"
0.096993,33.58166,-117.627096,"Crystalaire, Las Flores, Ladera Ranch, Orange County, California, 92691, United States of America"
0.096995,33.61213,-117.686996,"Roma Drive, Mission Viejo, Orange County, California, 92691, United States of America"
0.096996,33.5445,-117.663289,"Escalona Drive, Mission Viejo, Orange County, California, 92692, United States of America"
0.096998,33.525974,-117.621817,"Glicina Street, Orange County, California, 92675, United States of America"
0.097001,33.736919,-117.868107,"West Highland Street, Santa Ana, Orange County, California, 92701, United States of America"
0.097003,33.7465,-117.925,"1st Street, Santa Ana, Orange County, California, 92683, United States of America"
0.097004,33.735581,-117.933454,"South Corta Drive, Santa Ana, Orange County, California, 92704, United States of America"
0.097005,33.775205,-117.819795,"Romelle Avenue, Orange, Orange County, California, 92705, United States of America"
0.097006,33.768121,-117.884235,"Marion Way, Santa Ana, Orange County, California, 92706, United States of America"
0.097007,33.734732,-117.876331,"South Flower Street, Santa Ana, Orange County, California, 92703, United States of America"
0.097008,33.731647,-117.938405,"Royale Court, Fountain Valley, Orange County, California, 92708, United States of America"
0.097016,33.72665,-117.808465,"Seville Street, Villa Valencia Mobile Estates, Browning, Tustin, Orange County, California, 92780, United States of America"
0.097018,33.737521,-117.796655,"Carrera, Tustin Ranch, Tustin, Orange County, California, 92782, United States of America"
0.09702,33.836971,-117.933639,"West Wedgewood Drive, West Anaheim, Anaheim, Orange County, California, 92801, United States of America"
0.097021,33.821348,-117.92735,"West Chateau Avenue, West Anaheim, Anaheim, Orange County, California, 92801, United States of America"
0.097023,33.827543,-117.994994,"Baker Drive, Anaheim, Orange County, California, 90680, United States of America"
0.097024,33.837704,-117.92113,"Harbor Boulevard, West Anaheim, Anaheim, Orange County, California, 92801, United States of America"
0.097025,33.846974,-117.87614,"5B, Orange Freeway, Anaheim, Orange County, California, 92831, United States of America"
0.097026,33.836325,-117.773025,"Ruby Lane, Anaheim Hills, Anaheim, Orange County, California, 92807, United States of America"
0.097027,33.867668,-117.739343,"East Saratoga Street, Anaheim Hills, Anaheim, Orange County, California, 92808, United States of America"
0.097035,33.907003,-117.898485,"East Alder Street, Downtown Brea, Brea, Orange County, California, 92821, United States of America"
0.097037,33.910143,-117.84749,"Nasa Street, Brea, Orange County, California, 92821, United States of America"
0.097039,33.875305,-117.910794,"North Lincoln Avenue, Downtown Fullerton, Fullerton, Orange County, California, 92831, United States of America"
0.09704,33.863685,-117.938506,"West Rosslynn Avenue, Downtown Fullerton, Fullerton, Orange County, California, 92832, United States of America"
0.097041,33.867686,-117.978094,"Kellogg Avenue, Fuller Park, Fullerton, Orange County, California, 92833, United States of America"
0.097043,33.881381,-117.937544,"North Woods Avenue, Downtown Fullerton, Fullerton, Orange County, California, 92835, United States of America"
0.097047,33.777493,-117.942733,"Stanford Avenue, Koreatown, Garden Grove, Orange County, California, 92840, United States of America"
0.097048,33.791627,-117.983585,"Yana Drive, Koreatown, Garden Grove, Orange County, California, 92841, United States of America"
0.09705,33.768515,-117.950417,"Deanann Place, Koreatown, Garden Grove, Orange County, California, 92843, United States of America"
0.097051,33.772274,-117.988433,"Larson Avenue, Koreatown, Garden Grove, Orange County, California, 92844, United States of America"
0.097052,33.786902,-118.01438,"Amy Avenue, Koreatown, Garden Grove, Orange County, California, 92845, United States of America"
0.097059,33.816308,-117.808494,"Jocotal Avenue, Villa Park, Orange County, California, 92861, United States of America"
0.097063,33.8375,-117.847,"North Santa Fe Place, Greystone Crossing, Orange, Orange County, California, 92865, United States of America"
0.097064,33.794555,-117.855899,"North Cypress Street, Orange, Orange County, California, 92866, United States of America"
0.097065,33.797118,-117.850447,"Morlan Hall, North Center Street, Orange, Orange County, California, 92867, United States of America"
0.097066,33.793279,-117.862342,"West Sycamore Avenue, Orange, Orange County, California, 92868, United States of America"
0.097067,33.736471,-117.755999,"Narrow Path, Orchard Hills, Irvine, Orange County, California, 92602, United States of America"
0.097068,33.905285,-117.844108,"Imperial Highway, Old Town Placentia, Placentia, Orange County, California, 92886, United States of America"
0.097078,33.905073,-117.831254,"Chicago Avenue, Yorba Linda, Orange County, California, 92886, United States of America"
0.097079,33.888966,-117.703664,"Big Horn Mountain Way, Vista Bel Aire, Yorba Linda, Orange County, California, 92887, United States of America"
0.097081,34.384437,-119.299057,"East Old Creek Road, Oak View, Ventura County, California, 93022, United States of America"
0.097083,34.262892,-119.240051,"Barr Drive, Ventura, Ventura County, California, 93003, United States of America"
0.097084,34.293297,-119.168911,"Placer Avenue, Foothill East, Ventura, Ventura County, California, 93004, United States of America"
0.097088,34.386181,-119.437361,"Carver Summit Drive, La Conchita, Ventura County, California, 93001, United States of America"
0.097089,34.246429,-119.075276,"Calle del Norte, Spanish Hills, Ventura County, California, CA 93010, United States of America"
0.097091,34.215717,-118.996641,"Hidalgo Street, Camarillo, Ventura County, California, CA 93012, United States of America"
0.097092,34.375505,-119.472551,"Ralph Fertig Memorial Bike Path, Rincon, Ventura County, California, 93001, United States of America"
0.097094,34.37834,-118.936013,"Riverside Avenue, Bardsdale, Ventura County, California, 93015, United States of America"
0.097096,34.2756,-118.88,"Millard Street, Moorpark, Ventura County, California, 93021, United States of America"
0.097097,34.273201,-118.905962,"Heather Glen Court, Moorpark, Ventura County, California, 93020, United States of America"
0.097098,34.411071,-119.295022,"North Ventura Avenue, Oak View, Ventura County, California, 93022, United States of America"
0.097099,34.430592,-119.158001,"Sulphur Mountain Road, Ventura County, California, United States of America"
0.097101,34.192481,-119.174775,"Driffill Boulevard, Oxnard, Ventura County, California, 93033-3245, United States of America"
0.097104,34.164815,-119.137948,"Yosemite Drive, Oxnard Pacific Mobile Estates, Oxnard, Ventura County, California, 93033, United States of America"
0.097106,34.185999,-119.206683,"West Hill Street, Oxnard, Ventura County, California, 93035-1203, United States of America"
0.097107,34.225441,-119.193245,"Gardenia Street, Oxnard, Ventura County, California, 93036-2007, United States of America"
0.097108,34.413587,-118.794057,"Main Street, Piru, Ventura County, California, 93040, United States of America"
0.097109,34.179349,-119.195678,"East Elfin Green, Port Hueneme, Ventura County, California, 93043, United States of America"
0.097111,34.154941,-119.202472,"Pleasant Valley Road, Port Hueneme, Ventura County, California, 93041, United States of America"
0.097113,34.3554,-119.06,"117, North 10th Street, Santa Paula, Ventura County, California, 93060, United States of America"
0.097116,34.260898,-118.671161,"Katey Lane, Santa Susana Knolls, Ventura County, California, 93062, United States of America"
0.097118,34.275482,-118.809331,"Algonquin Drive, Greek Track, Simi Valley, Ventura County, California, 93065, United States of America"
0.097119,34.28464,-119.001951,"Kingsgrove Drive, Somis, Ventura County, California, 93066, United States of America"
0.097164,34.749039,-119.090035,"Greenleaf Springs Road, Stauffer, Ventura County, California, United States of America"
0.097177,34.757954,-118.798107,"Ralphs Ranch Road, Caswell, Los Angeles County, California, United States of America"
0.097185,34.697879,-119.306322,"Lockwood Valley Road, Ventura County, California, United States of America"
0.097298,34.4879,-118.172,"Stallion Meadows Trail, Paris, Los Angeles County, California, 93510, United States of America"
0.097316,34.65692,-118.385257,"Cabin Drive, Andrade Corner, Los Angeles County, California, United States of America"
0.097317,34.690736,-118.135225,"Sierra Highway, Lancaster, Los Angeles County, California, 93536, United States of America"
0.097318,34.73396,-118.139298,"West Avenue G, Lancaster, Los Angeles County, California, 93536, United States of America"
0.097319,34.647495,-118.231883,"West Avenue L 14, Lancaster, Los Angeles County, California, United States of America"
0.097323,34.559273,-117.948597,"East Avenue R 14, Antelope Center, Los Angeles County, California, 93543, United States of America"
0.097324,34.47494,-117.841521,"Saint Anne Drive, Valyermo, Los Angeles County, California, CA 93544, United States of America"
0.097328,34.571089,-118.065097,"Clubhouse, Palmdale, Los Angeles County, California, 93552, United States of America"
0.097329,34.585014,-118.16201,"Ashberry Drive, Palmdale, Los Angeles County, California, United States of America"
0.09733,34.563376,-118.019104,"Giavon Street, Palmdale, Los Angeles County, California, 93552, United States of America"
0.097331,34.485886,-117.868996,"Valyermo Road, Longview, Los Angeles County, California, 93553, United States of America"
0.097336,34.814163,-118.307128,"100th Street West, Antelope Acres, Los Angeles County, California, United States of America"
0.097339,34.412306,-117.771902,"Largo Vista Road, Mile High, Los Angeles County, California, 93563, United States of America"
0.097344,34.5793,-117.949573,"East Palmdale Boulevard, Palmdale, Los Angeles County, California, 93591, United States of America"
0.399675,34.153308,-117.97968,"Barranca Road, Bradbury, Los Angeles County, California, 91008, United States of America"
